{
  "individual_level": {
    "Ahmad Al-Rashid": {
      "message_frequency": {
        "hourly": {
          "0": 0,
          "1": 0,
          "2": 0,
          "3": 0,
          "4": 0,
          "5": 0,
          "6": 0,
          "7": 0,
          "8": 0,
          "9": 13,
          "10": 3,
          "11": 1,
          "12": 1,
          "13": 1,
          "14": 1,
          "15": 0,
          "16": 0,
          "17": 0,
          "18": 0,
          "19": 0,
          "20": 0,
          "21": 0,
          "22": 0,
          "23": 0
        },
        "daily": {
          "Friday": 0,
          "Monday": 0,
          "Saturday": 0,
          "Sunday": 6,
          "Thursday": 7,
          "Tuesday": 7,
          "Wednesday": 0
        },
        "monthly": {
          "April": 0,
          "August": 0,
          "December": 0,
          "February": 0,
          "January": 0,
          "July": 0,
          "June": 0,
          "March": 0,
          "May": 0,
          "November": 0,
          "October": 20,
          "September": 0
        }
      },
      "peak_hours": {
        "9": 13,
        "10": 3,
        "11": 1
      },
      "response_times": {
        "average_hours": 31.631578947222224,
        "median_hours": 0.16666666666666666,
        "max_hours": 379.25
      },
      "message_length_stats": {
        "count": 20,
        "mean": 176.75,
        "min": 54,
        "max": 259
      },
      "conversation_initiation": {
        "total_conversations_est": 3,
        "initiation_rate_per_message": 0.15
      },
      "top_recipients": [
        {
          "name_sender": "Ahmad Al-Rashid",
          "name_receiver": "Fatima Al-Qassim",
          "count": 7
        },
        {
          "name_sender": "Ahmad Al-Rashid",
          "name_receiver": "Jennifer Brooks",
          "count": 7
        },
        {
          "name_sender": "Ahmad Al-Rashid",
          "name_receiver": "Michael Anderson",
          "count": 6
        }
      ]
    },
    "Michael Anderson": {
      "message_frequency": {
        "hourly": {
          "0": 0,
          "1": 0,
          "2": 0,
          "3": 0,
          "4": 0,
          "5": 0,
          "6": 0,
          "7": 0,
          "8": 0,
          "9": 42,
          "10": 14,
          "11": 3,
          "12": 1,
          "13": 0,
          "14": 0,
          "15": 0,
          "16": 0,
          "17": 0,
          "18": 0,
          "19": 0,
          "20": 0,
          "21": 0,
          "22": 0,
          "23": 0
        },
        "daily": {
          "Friday": 0,
          "Monday": 18,
          "Saturday": 0,
          "Sunday": 23,
          "Thursday": 0,
          "Tuesday": 13,
          "Wednesday": 6
        },
        "monthly": {
          "April": 0,
          "August": 0,
          "December": 0,
          "February": 0,
          "January": 0,
          "July": 0,
          "June": 0,
          "March": 0,
          "May": 0,
          "November": 0,
          "October": 60,
          "September": 0
        }
      },
      "peak_hours": {
        "9": 42,
        "10": 14,
        "11": 3
      },
      "response_times": {
        "average_hours": 8.967514124166666,
        "median_hours": 0.10416666666666667,
        "max_hours": 190.99444444444444
      },
      "message_length_stats": {
        "count": 60,
        "mean": 224.96666666666667,
        "min": 72,
        "max": 342
      },
      "conversation_initiation": {
        "total_conversations_est": 5,
        "initiation_rate_per_message": 0.08333333333333333
      },
      "top_recipients": [
        {
          "name_sender": "Michael Anderson",
          "name_receiver": "Ibrahim Al-Kuwaiti",
          "count": 7
        },
        {
          "name_sender": "Michael Anderson",
          "name_receiver": "Elizabeth Parker",
          "count": 6
        },
        {
          "name_sender": "Michael Anderson",
          "name_receiver": "Mariam Al-Hashimi",
          "count": 6
        }
      ]
    },
    "Fatima Al-Qassim": {
      "message_frequency": {
        "hourly": {
          "0": 0,
          "1": 0,
          "2": 0,
          "3": 0,
          "4": 0,
          "5": 0,
          "6": 0,
          "7": 0,
          "8": 0,
          "9": 23,
          "10": 14,
          "11": 5,
          "12": 3,
          "13": 2,
          "14": 2,
          "15": 1,
          "16": 0,
          "17": 0,
          "18": 0,
          "19": 0,
          "20": 0,
          "21": 0,
          "22": 0,
          "23": 0
        },
        "daily": {
          "Friday": 0,
          "Monday": 5,
          "Saturday": 0,
          "Sunday": 13,
          "Thursday": 6,
          "Tuesday": 13,
          "Wednesday": 13
        },
        "monthly": {
          "April": 0,
          "August": 0,
          "December": 0,
          "February": 0,
          "January": 0,
          "July": 0,
          "June": 0,
          "March": 0,
          "May": 0,
          "November": 0,
          "October": 50,
          "September": 0
        }
      },
      "peak_hours": {
        "9": 23,
        "10": 14,
        "11": 5
      },
      "response_times": {
        "average_hours": 11.299319727777778,
        "median_hours": 0.25,
        "max_hours": 186.25
      },
      "message_length_stats": {
        "count": 50,
        "mean": 231.5,
        "min": 59,
        "max": 342
      },
      "conversation_initiation": {
        "total_conversations_est": 10,
        "initiation_rate_per_message": 0.2
      },
      "top_recipients": [
        {
          "name_sender": "Fatima Al-Qassim",
          "name_receiver": "Ahmad Al-Rashid",
          "count": 7
        },
        {
          "name_sender": "Fatima Al-Qassim",
          "name_receiver": "Aisha Al-Dubai",
          "count": 7
        },
        {
          "name_sender": "Fatima Al-Qassim",
          "name_receiver": "Omar Al-Sayed",
          "count": 7
        }
      ]
    },
    "Jennifer Brooks": {
      "message_frequency": {
        "hourly": {
          "0": 0,
          "1": 0,
          "2": 0,
          "3": 0,
          "4": 0,
          "5": 0,
          "6": 0,
          "7": 0,
          "8": 0,
          "9": 28,
          "10": 4,
          "11": 2,
          "12": 0,
          "13": 0,
          "14": 0,
          "15": 0,
          "16": 0,
          "17": 0,
          "18": 0,
          "19": 0,
          "20": 0,
          "21": 0,
          "22": 0,
          "23": 0
        },
        "daily": {
          "Friday": 6,
          "Monday": 11,
          "Saturday": 0,
          "Sunday": 5,
          "Thursday": 7,
          "Tuesday": 5,
          "Wednesday": 0
        },
        "monthly": {
          "April": 0,
          "August": 0,
          "December": 0,
          "February": 0,
          "January": 0,
          "July": 0,
          "June": 0,
          "March": 0,
          "May": 0,
          "November": 0,
          "October": 34,
          "September": 0
        }
      },
      "peak_hours": {
        "9": 28,
        "10": 4,
        "11": 2
      },
      "response_times": {
        "average_hours": 21.09419191916667,
        "median_hours": 0.10416666666666667,
        "max_hours": 239.58333333333334
      },
      "message_length_stats": {
        "count": 34,
        "mean": 220.58823529411765,
        "min": 106,
        "max": 345
      },
      "conversation_initiation": {
        "total_conversations_est": 6,
        "initiation_rate_per_message": 0.17647058823529413
      },
      "top_recipients": [
        {
          "name_sender": "Jennifer Brooks",
          "name_receiver": "Ahmad Al-Rashid",
          "count": 7
        },
        {
          "name_sender": "Jennifer Brooks",
          "name_receiver": "Aisha Al-Dubai",
          "count": 6
        },
        {
          "name_sender": "Jennifer Brooks",
          "name_receiver": "Ibrahim Al-Kuwaiti",
          "count": 6
        }
      ]
    },
    "William Thompson": {
      "message_frequency": {
        "hourly": {
          "0": 0,
          "1": 0,
          "2": 0,
          "3": 0,
          "4": 0,
          "5": 0,
          "6": 0,
          "7": 0,
          "8": 0,
          "9": 43,
          "10": 4,
          "11": 0,
          "12": 0,
          "13": 0,
          "14": 0,
          "15": 0,
          "16": 0,
          "17": 0,
          "18": 0,
          "19": 0,
          "20": 0,
          "21": 0,
          "22": 0,
          "23": 0
        },
        "daily": {
          "Friday": 0,
          "Monday": 6,
          "Saturday": 0,
          "Sunday": 0,
          "Thursday": 12,
          "Tuesday": 17,
          "Wednesday": 12
        },
        "monthly": {
          "April": 0,
          "August": 0,
          "December": 0,
          "February": 0,
          "January": 0,
          "July": 0,
          "June": 0,
          "March": 0,
          "May": 0,
          "November": 0,
          "October": 47,
          "September": 0
        }
      },
      "peak_hours": {
        "9": 43,
        "10": 4
      },
      "response_times": {
        "average_hours": 7.317028985277778,
        "median_hours": 0.08402777777777778,
        "max_hours": 142.83055555555555
      },
      "message_length_stats": {
        "count": 47,
        "mean": 226.9787234042553,
        "min": 75,
        "max": 332
      },
      "conversation_initiation": {
        "total_conversations_est": 5,
        "initiation_rate_per_message": 0.10638297872340426
      },
      "top_recipients": [
        {
          "name_sender": "William Thompson",
          "name_receiver": "Thomas Richardson",
          "count": 7
        },
        {
          "name_sender": "William Thompson",
          "name_receiver": "Elizabeth Parker",
          "count": 6
        },
        {
          "name_sender": "William Thompson",
          "name_receiver": "Mariam Al-Hashimi",
          "count": 6
        }
      ]
    },
    "Mariam Al-Hashimi": {
      "message_frequency": {
        "hourly": {
          "0": 0,
          "1": 0,
          "2": 0,
          "3": 0,
          "4": 0,
          "5": 0,
          "6": 0,
          "7": 0,
          "8": 0,
          "9": 30,
          "10": 12,
          "11": 3,
          "12": 0,
          "13": 0,
          "14": 0,
          "15": 0,
          "16": 0,
          "17": 0,
          "18": 0,
          "19": 0,
          "20": 0,
          "21": 0,
          "22": 0,
          "23": 0
        },
        "daily": {
          "Friday": 0,
          "Monday": 17,
          "Saturday": 0,
          "Sunday": 6,
          "Thursday": 5,
          "Tuesday": 11,
          "Wednesday": 6
        },
        "monthly": {
          "April": 0,
          "August": 0,
          "December": 0,
          "February": 0,
          "January": 0,
          "July": 0,
          "June": 0,
          "March": 0,
          "May": 0,
          "November": 0,
          "October": 45,
          "September": 0
        }
      },
      "peak_hours": {
        "9": 30,
        "10": 12,
        "11": 3
      },
      "response_times": {
        "average_hours": 12.015151515,
        "median_hours": 0.16666666666666666,
        "max_hours": 263.3333333333333
      },
      "message_length_stats": {
        "count": 45,
        "mean": 214.8,
        "min": 92,
        "max": 297
      },
      "conversation_initiation": {
        "total_conversations_est": 7,
        "initiation_rate_per_message": 0.15555555555555556
      },
      "top_recipients": [
        {
          "name_sender": "Mariam Al-Hashimi",
          "name_receiver": "Elizabeth Parker",
          "count": 6
        },
        {
          "name_sender": "Mariam Al-Hashimi",
          "name_receiver": "Ibrahim Al-Kuwaiti",
          "count": 6
        },
        {
          "name_sender": "Mariam Al-Hashimi",
          "name_receiver": "Katherine Wilson",
          "count": 6
        }
      ]
    },
    "Hassan Al-Mahmoud": {
      "message_frequency": {
        "hourly": {
          "0": 0,
          "1": 0,
          "2": 0,
          "3": 0,
          "4": 0,
          "5": 0,
          "6": 0,
          "7": 0,
          "8": 0,
          "9": 14,
          "10": 3,
          "11": 1,
          "12": 0,
          "13": 0,
          "14": 0,
          "15": 0,
          "16": 0,
          "17": 0,
          "18": 0,
          "19": 0,
          "20": 0,
          "21": 0,
          "22": 0,
          "23": 0
        },
        "daily": {
          "Friday": 6,
          "Monday": 6,
          "Saturday": 0,
          "Sunday": 6,
          "Thursday": 0,
          "Tuesday": 0,
          "Wednesday": 0
        },
        "monthly": {
          "April": 0,
          "August": 0,
          "December": 0,
          "February": 0,
          "January": 0,
          "July": 0,
          "June": 0,
          "March": 0,
          "May": 0,
          "November": 0,
          "October": 18,
          "September": 0
        }
      },
      "peak_hours": {
        "9": 14,
        "10": 3,
        "11": 1
      },
      "response_times": {
        "average_hours": 40.96004901944445,
        "median_hours": 0.175,
        "max_hours": 454.25
      },
      "message_length_stats": {
        "count": 18,
        "mean": 218.55555555555554,
        "min": 146,
        "max": 330
      },
      "conversation_initiation": {
        "total_conversations_est": 3,
        "initiation_rate_per_message": 0.16666666666666666
      },
      "top_recipients": [
        {
          "name_sender": "Hassan Al-Mahmoud",
          "name_receiver": "Elizabeth Parker",
          "count": 6
        },
        {
          "name_sender": "Hassan Al-Mahmoud",
          "name_receiver": "Michael Anderson",
          "count": 6
        },
        {
          "name_sender": "Hassan Al-Mahmoud",
          "name_receiver": "Noura Al-Zahrani",
          "count": 6
        }
      ]
    },
    "Elizabeth Parker": {
      "message_frequency": {
        "hourly": {
          "0": 0,
          "1": 0,
          "2": 0,
          "3": 0,
          "4": 0,
          "5": 0,
          "6": 0,
          "7": 0,
          "8": 0,
          "9": 32,
          "10": 12,
          "11": 7,
          "12": 4,
          "13": 0,
          "14": 0,
          "15": 0,
          "16": 0,
          "17": 0,
          "18": 0,
          "19": 0,
          "20": 0,
          "21": 0,
          "22": 0,
          "23": 0
        },
        "daily": {
          "Friday": 5,
          "Monday": 23,
          "Saturday": 0,
          "Sunday": 15,
          "Thursday": 0,
          "Tuesday": 6,
          "Wednesday": 6
        },
        "monthly": {
          "April": 0,
          "August": 0,
          "December": 0,
          "February": 0,
          "January": 0,
          "July": 0,
          "June": 0,
          "March": 0,
          "May": 0,
          "November": 0,
          "October": 49,
          "September": 6
        }
      },
      "peak_hours": {
        "9": 32,
        "10": 12,
        "11": 7
      },
      "response_times": {
        "average_hours": 12.902777777777779,
        "median_hours": 0.16305555555555556,
        "max_hours": 383.57916666666665
      },
      "message_length_stats": {
        "count": 55,
        "mean": 232.96363636363637,
        "min": 94,
        "max": 323
      },
      "conversation_initiation": {
        "total_conversations_est": 6,
        "initiation_rate_per_message": 0.10909090909090909
      },
      "top_recipients": [
        {
          "name_sender": "Elizabeth Parker",
          "name_receiver": "Fatima Al-Qassim",
          "count": 6
        },
        {
          "name_sender": "Elizabeth Parker",
          "name_receiver": "Katherine Wilson",
          "count": 6
        },
        {
          "name_sender": "Elizabeth Parker",
          "name_receiver": "Thomas Richardson",
          "count": 6
        }
      ]
    },
    "Noura Al-Zahrani": {
      "message_frequency": {
        "hourly": {
          "0": 0,
          "1": 0,
          "2": 0,
          "3": 0,
          "4": 0,
          "5": 0,
          "6": 0,
          "7": 0,
          "8": 0,
          "9": 32,
          "10": 7,
          "11": 6,
          "12": 1,
          "13": 0,
          "14": 0,
          "15": 0,
          "16": 0,
          "17": 0,
          "18": 0,
          "19": 0,
          "20": 0,
          "21": 0,
          "22": 0,
          "23": 0
        },
        "daily": {
          "Friday": 6,
          "Monday": 11,
          "Saturday": 0,
          "Sunday": 11,
          "Thursday": 6,
          "Tuesday": 0,
          "Wednesday": 12
        },
        "monthly": {
          "April": 0,
          "August": 0,
          "December": 0,
          "February": 0,
          "January": 0,
          "July": 0,
          "June": 0,
          "March": 0,
          "May": 0,
          "November": 0,
          "October": 46,
          "September": 0
        }
      },
      "peak_hours": {
        "9": 32,
        "10": 7,
        "11": 6
      },
      "response_times": {
        "average_hours": 15.462469135555557,
        "median_hours": 0.21666666666666667,
        "max_hours": 239.5
      },
      "message_length_stats": {
        "count": 46,
        "mean": 234.47826086956522,
        "min": 61,
        "max": 341
      },
      "conversation_initiation": {
        "total_conversations_est": 8,
        "initiation_rate_per_message": 0.17391304347826086
      },
      "top_recipients": [
        {
          "name_sender": "Noura Al-Zahrani",
          "name_receiver": "Khalid Al-Nasser",
          "count": 6
        },
        {
          "name_sender": "Noura Al-Zahrani",
          "name_receiver": "James Cooper",
          "count": 6
        },
        {
          "name_sender": "Noura Al-Zahrani",
          "name_receiver": "Michael Anderson",
          "count": 6
        }
      ]
    },
    "Mohammed Al-Qahtani": {
      "message_frequency": {
        "hourly": {
          "0": 0,
          "1": 0,
          "2": 0,
          "3": 0,
          "4": 0,
          "5": 0,
          "6": 0,
          "7": 0,
          "8": 0,
          "9": 28,
          "10": 6,
          "11": 7,
          "12": 1,
          "13": 0,
          "14": 0,
          "15": 0,
          "16": 0,
          "17": 0,
          "18": 0,
          "19": 0,
          "20": 0,
          "21": 0,
          "22": 0,
          "23": 0
        },
        "daily": {
          "Friday": 0,
          "Monday": 12,
          "Saturday": 0,
          "Sunday": 18,
          "Thursday": 0,
          "Tuesday": 7,
          "Wednesday": 5
        },
        "monthly": {
          "April": 0,
          "August": 0,
          "December": 0,
          "February": 0,
          "January": 0,
          "July": 0,
          "June": 0,
          "March": 0,
          "May": 0,
          "November": 0,
          "October": 42,
          "September": 0
        }
      },
      "peak_hours": {
        "9": 28,
        "10": 6,
        "11": 7
      },
      "response_times": {
        "average_hours": 9.969715446944445,
        "median_hours": 0.17083333333333334,
        "max_hours": 189.5
      },
      "message_length_stats": {
        "count": 42,
        "mean": 223.97619047619048,
        "min": 33,
        "max": 326
      },
      "conversation_initiation": {
        "total_conversations_est": 4,
        "initiation_rate_per_message": 0.09523809523809523
      },
      "top_recipients": [
        {
          "name_sender": "Mohammed Al-Qahtani",
          "name_receiver": "Katherine Wilson",
          "count": 7
        },
        {
          "name_sender": "Mohammed Al-Qahtani",
          "name_receiver": "Leila Al-Harbi",
          "count": 7
        },
        {
          "name_sender": "Mohammed Al-Qahtani",
          "name_receiver": "Ibrahim Al-Kuwaiti",
          "count": 6
        }
      ]
    },
    "Khalid Al-Nasser": {
      "message_frequency": {
        "hourly": {
          "0": 0,
          "1": 0,
          "2": 0,
          "3": 0,
          "4": 0,
          "5": 0,
          "6": 0,
          "7": 0,
          "8": 0,
          "9": 20,
          "10": 12,
          "11": 11,
          "12": 2,
          "13": 0,
          "14": 0,
          "15": 0,
          "16": 0,
          "17": 0,
          "18": 0,
          "19": 0,
          "20": 0,
          "21": 0,
          "22": 0,
          "23": 0
        },
        "daily": {
          "Friday": 0,
          "Monday": 17,
          "Saturday": 0,
          "Sunday": 6,
          "Thursday": 0,
          "Tuesday": 5,
          "Wednesday": 17
        },
        "monthly": {
          "April": 0,
          "August": 0,
          "December": 0,
          "February": 0,
          "January": 0,
          "July": 0,
          "June": 0,
          "March": 0,
          "May": 0,
          "November": 0,
          "October": 40,
          "September": 5
        }
      },
      "peak_hours": {
        "9": 20,
        "10": 12,
        "11": 11
      },
      "response_times": {
        "average_hours": 12.539772727222221,
        "median_hours": 0.46111111111111114,
        "max_hours": 141.7138888888889
      },
      "message_length_stats": {
        "count": 45,
        "mean": 247.26666666666668,
        "min": 45,
        "max": 375
      },
      "conversation_initiation": {
        "total_conversations_est": 8,
        "initiation_rate_per_message": 0.17777777777777778
      },
      "top_recipients": [
        {
          "name_sender": "Khalid Al-Nasser",
          "name_receiver": "Aisha Al-Dubai",
          "count": 6
        },
        {
          "name_sender": "Khalid Al-Nasser",
          "name_receiver": "Fatima Al-Qassim",
          "count": 6
        },
        {
          "name_sender": "Khalid Al-Nasser",
          "name_receiver": "Ibrahim Al-Kuwaiti",
          "count": 6
        }
      ]
    },
    "Ibrahim Al-Kuwaiti": {
      "message_frequency": {
        "hourly": {
          "0": 0,
          "1": 0,
          "2": 0,
          "3": 0,
          "4": 0,
          "5": 0,
          "6": 0,
          "7": 0,
          "8": 0,
          "9": 47,
          "10": 16,
          "11": 6,
          "12": 0,
          "13": 0,
          "14": 0,
          "15": 0,
          "16": 0,
          "17": 0,
          "18": 0,
          "19": 0,
          "20": 0,
          "21": 0,
          "22": 0,
          "23": 0
        },
        "daily": {
          "Friday": 5,
          "Monday": 17,
          "Saturday": 0,
          "Sunday": 21,
          "Thursday": 5,
          "Tuesday": 15,
          "Wednesday": 6
        },
        "monthly": {
          "April": 0,
          "August": 0,
          "December": 0,
          "February": 0,
          "January": 0,
          "July": 0,
          "June": 0,
          "March": 0,
          "May": 0,
          "November": 0,
          "October": 69,
          "September": 0
        }
      },
      "peak_hours": {
        "9": 47,
        "10": 16,
        "11": 6
      },
      "response_times": {
        "average_hours": 6.714456699166667,
        "median_hours": 0.16041666666666668,
        "max_hours": 118.37916666666666
      },
      "message_length_stats": {
        "count": 69,
        "mean": 244.81159420289856,
        "min": 36,
        "max": 376
      },
      "conversation_initiation": {
        "total_conversations_est": 8,
        "initiation_rate_per_message": 0.11594202898550725
      },
      "top_recipients": [
        {
          "name_sender": "Ibrahim Al-Kuwaiti",
          "name_receiver": "Khalid Al-Nasser",
          "count": 6
        },
        {
          "name_sender": "Ibrahim Al-Kuwaiti",
          "name_receiver": "Robert Stevens",
          "count": 6
        },
        {
          "name_sender": "Ibrahim Al-Kuwaiti",
          "name_receiver": "William Thompson",
          "count": 6
        }
      ]
    },
    "Omar Al-Sayed": {
      "message_frequency": {
        "hourly": {
          "0": 0,
          "1": 0,
          "2": 0,
          "3": 0,
          "4": 0,
          "5": 0,
          "6": 0,
          "7": 0,
          "8": 0,
          "9": 22,
          "10": 7,
          "11": 5,
          "12": 2,
          "13": 1,
          "14": 2,
          "15": 0,
          "16": 0,
          "17": 0,
          "18": 0,
          "19": 0,
          "20": 0,
          "21": 0,
          "22": 0,
          "23": 0
        },
        "daily": {
          "Friday": 0,
          "Monday": 5,
          "Saturday": 0,
          "Sunday": 6,
          "Thursday": 0,
          "Tuesday": 21,
          "Wednesday": 7
        },
        "monthly": {
          "April": 0,
          "August": 0,
          "December": 0,
          "February": 0,
          "January": 0,
          "July": 0,
          "June": 0,
          "March": 0,
          "May": 0,
          "November": 0,
          "October": 39,
          "September": 0
        }
      },
      "peak_hours": {
        "9": 22,
        "10": 7,
        "11": 5
      },
      "response_times": {
        "average_hours": 5.699649122777777,
        "median_hours": 0.3333333333333333,
        "max_hours": 138.5
      },
      "message_length_stats": {
        "count": 39,
        "mean": 247.74358974358975,
        "min": 68,
        "max": 379
      },
      "conversation_initiation": {
        "total_conversations_est": 7,
        "initiation_rate_per_message": 0.1794871794871795
      },
      "top_recipients": [
        {
          "name_sender": "Omar Al-Sayed",
          "name_receiver": "Fatima Al-Qassim",
          "count": 7
        },
        {
          "name_sender": "Omar Al-Sayed",
          "name_receiver": "Aisha Al-Dubai",
          "count": 6
        },
        {
          "name_sender": "Omar Al-Sayed",
          "name_receiver": "Mariam Al-Hashimi",
          "count": 6
        }
      ]
    },
    "Aisha Al-Dubai": {
      "message_frequency": {
        "hourly": {
          "0": 0,
          "1": 0,
          "2": 0,
          "3": 0,
          "4": 0,
          "5": 0,
          "6": 0,
          "7": 0,
          "8": 0,
          "9": 18,
          "10": 7,
          "11": 3,
          "12": 0,
          "13": 0,
          "14": 0,
          "15": 0,
          "16": 0,
          "17": 0,
          "18": 0,
          "19": 0,
          "20": 0,
          "21": 0,
          "22": 0,
          "23": 0
        },
        "daily": {
          "Friday": 0,
          "Monday": 16,
          "Saturday": 0,
          "Sunday": 12,
          "Thursday": 0,
          "Tuesday": 0,
          "Wednesday": 0
        },
        "monthly": {
          "April": 0,
          "August": 0,
          "December": 0,
          "February": 0,
          "January": 0,
          "July": 0,
          "June": 0,
          "March": 0,
          "May": 0,
          "November": 0,
          "October": 28,
          "September": 0
        }
      },
      "peak_hours": {
        "9": 18,
        "10": 7,
        "11": 3
      },
      "response_times": {
        "average_hours": 25.79043209861111,
        "median_hours": 0.16472222222222221,
        "max_hours": 669.3791666666667
      },
      "message_length_stats": {
        "count": 28,
        "mean": 239.71428571428572,
        "min": 59,
        "max": 339
      },
      "conversation_initiation": {
        "total_conversations_est": 3,
        "initiation_rate_per_message": 0.10714285714285714
      },
      "top_recipients": [
        {
          "name_sender": "Aisha Al-Dubai",
          "name_receiver": "Fatima Al-Qassim",
          "count": 7
        },
        {
          "name_sender": "Aisha Al-Dubai",
          "name_receiver": "Ibrahim Al-Kuwaiti",
          "count": 6
        },
        {
          "name_sender": "Aisha Al-Dubai",
          "name_receiver": "Jennifer Brooks",
          "count": 5
        }
      ]
    },
    "Thomas Richardson": {
      "message_frequency": {
        "hourly": {
          "0": 0,
          "1": 0,
          "2": 0,
          "3": 0,
          "4": 0,
          "5": 0,
          "6": 0,
          "7": 0,
          "8": 0,
          "9": 25,
          "10": 8,
          "11": 4,
          "12": 2,
          "13": 0,
          "14": 0,
          "15": 0,
          "16": 0,
          "17": 0,
          "18": 0,
          "19": 0,
          "20": 0,
          "21": 0,
          "22": 0,
          "23": 0
        },
        "daily": {
          "Friday": 5,
          "Monday": 10,
          "Saturday": 0,
          "Sunday": 0,
          "Thursday": 7,
          "Tuesday": 11,
          "Wednesday": 6
        },
        "monthly": {
          "April": 0,
          "August": 0,
          "December": 0,
          "February": 0,
          "January": 0,
          "July": 0,
          "June": 0,
          "March": 0,
          "May": 0,
          "November": 0,
          "October": 39,
          "September": 0
        }
      },
      "peak_hours": {
        "9": 25,
        "10": 8,
        "11": 4
      },
      "response_times": {
        "average_hours": 11.379327485277779,
        "median_hours": 0.3729166666666667,
        "max_hours": 190.46666666666667
      },
      "message_length_stats": {
        "count": 39,
        "mean": 248.94871794871796,
        "min": 25,
        "max": 393
      },
      "conversation_initiation": {
        "total_conversations_est": 8,
        "initiation_rate_per_message": 0.20512820512820512
      },
      "top_recipients": [
        {
          "name_sender": "Thomas Richardson",
          "name_receiver": "William Thompson",
          "count": 7
        },
        {
          "name_sender": "Thomas Richardson",
          "name_receiver": "Robert Stevens",
          "count": 6
        },
        {
          "name_sender": "Thomas Richardson",
          "name_receiver": "Sarah Mitchell",
          "count": 6
        }
      ]
    },
    "Sarah Mitchell": {
      "message_frequency": {
        "hourly": {
          "0": 0,
          "1": 0,
          "2": 0,
          "3": 0,
          "4": 0,
          "5": 0,
          "6": 0,
          "7": 0,
          "8": 0,
          "9": 20,
          "10": 5,
          "11": 4,
          "12": 1,
          "13": 0,
          "14": 0,
          "15": 0,
          "16": 0,
          "17": 0,
          "18": 0,
          "19": 0,
          "20": 0,
          "21": 0,
          "22": 0,
          "23": 0
        },
        "daily": {
          "Friday": 0,
          "Monday": 12,
          "Saturday": 0,
          "Sunday": 0,
          "Thursday": 6,
          "Tuesday": 6,
          "Wednesday": 6
        },
        "monthly": {
          "April": 0,
          "August": 0,
          "December": 0,
          "February": 0,
          "January": 0,
          "July": 0,
          "June": 0,
          "March": 0,
          "May": 0,
          "November": 0,
          "October": 30,
          "September": 0
        }
      },
      "peak_hours": {
        "9": 20,
        "10": 5,
        "11": 4
      },
      "response_times": {
        "average_hours": 13.25574712638889,
        "median_hours": 0.25,
        "max_hours": 212.5
      },
      "message_length_stats": {
        "count": 30,
        "mean": 239.1,
        "min": 93,
        "max": 355
      },
      "conversation_initiation": {
        "total_conversations_est": 6,
        "initiation_rate_per_message": 0.2
      },
      "top_recipients": [
        {
          "name_sender": "Sarah Mitchell",
          "name_receiver": "Jennifer Brooks",
          "count": 6
        },
        {
          "name_sender": "Sarah Mitchell",
          "name_receiver": "Khalid Al-Nasser",
          "count": 6
        },
        {
          "name_sender": "Sarah Mitchell",
          "name_receiver": "Mariam Al-Hashimi",
          "count": 6
        }
      ]
    },
    "Katherine Wilson": {
      "message_frequency": {
        "hourly": {
          "0": 0,
          "1": 0,
          "2": 0,
          "3": 0,
          "4": 0,
          "5": 0,
          "6": 0,
          "7": 0,
          "8": 0,
          "9": 24,
          "10": 9,
          "11": 2,
          "12": 0,
          "13": 0,
          "14": 0,
          "15": 0,
          "16": 0,
          "17": 0,
          "18": 0,
          "19": 0,
          "20": 0,
          "21": 0,
          "22": 0,
          "23": 0
        },
        "daily": {
          "Friday": 0,
          "Monday": 19,
          "Saturday": 0,
          "Sunday": 0,
          "Thursday": 11,
          "Tuesday": 0,
          "Wednesday": 5
        },
        "monthly": {
          "April": 0,
          "August": 0,
          "December": 0,
          "February": 0,
          "January": 0,
          "July": 0,
          "June": 0,
          "March": 0,
          "May": 0,
          "November": 0,
          "October": 35,
          "September": 0
        }
      },
      "peak_hours": {
        "9": 24,
        "10": 9,
        "11": 2
      },
      "response_times": {
        "average_hours": 6.38247549,
        "median_hours": 0.12222222222222222,
        "max_hours": 142.32361111111112
      },
      "message_length_stats": {
        "count": 35,
        "mean": 247.6,
        "min": 115,
        "max": 322
      },
      "conversation_initiation": {
        "total_conversations_est": 3,
        "initiation_rate_per_message": 0.08571428571428572
      },
      "top_recipients": [
        {
          "name_sender": "Katherine Wilson",
          "name_receiver": "Leila Al-Harbi",
          "count": 7
        },
        {
          "name_sender": "Katherine Wilson",
          "name_receiver": "Elizabeth Parker",
          "count": 6
        },
        {
          "name_sender": "Katherine Wilson",
          "name_receiver": "Robert Stevens",
          "count": 6
        }
      ]
    },
    "Leila Al-Harbi": {
      "message_frequency": {
        "hourly": {
          "0": 0,
          "1": 0,
          "2": 0,
          "3": 0,
          "4": 0,
          "5": 0,
          "6": 0,
          "7": 0,
          "8": 0,
          "9": 25,
          "10": 8,
          "11": 6,
          "12": 1,
          "13": 0,
          "14": 0,
          "15": 0,
          "16": 0,
          "17": 0,
          "18": 0,
          "19": 0,
          "20": 0,
          "21": 0,
          "22": 0,
          "23": 0
        },
        "daily": {
          "Friday": 5,
          "Monday": 23,
          "Saturday": 0,
          "Sunday": 6,
          "Thursday": 0,
          "Tuesday": 6,
          "Wednesday": 0
        },
        "monthly": {
          "April": 0,
          "August": 0,
          "December": 0,
          "February": 0,
          "January": 0,
          "July": 0,
          "June": 0,
          "March": 0,
          "May": 0,
          "November": 0,
          "October": 40,
          "September": 0
        }
      },
      "peak_hours": {
        "9": 25,
        "10": 8,
        "11": 6
      },
      "response_times": {
        "average_hours": 13.566239316111112,
        "median_hours": 0.25472222222222224,
        "max_hours": 237.51944444444445
      },
      "message_length_stats": {
        "count": 40,
        "mean": 240.7,
        "min": 139,
        "max": 347
      },
      "conversation_initiation": {
        "total_conversations_est": 6,
        "initiation_rate_per_message": 0.15
      },
      "top_recipients": [
        {
          "name_sender": "Leila Al-Harbi",
          "name_receiver": "Ibrahim Al-Kuwaiti",
          "count": 6
        },
        {
          "name_sender": "Leila Al-Harbi",
          "name_receiver": "Katherine Wilson",
          "count": 6
        },
        {
          "name_sender": "Leila Al-Harbi",
          "name_receiver": "Mohammed Al-Qahtani",
          "count": 6
        }
      ]
    },
    "James Cooper": {
      "message_frequency": {
        "hourly": {
          "0": 0,
          "1": 0,
          "2": 0,
          "3": 0,
          "4": 0,
          "5": 0,
          "6": 0,
          "7": 0,
          "8": 0,
          "9": 6,
          "10": 0,
          "11": 0,
          "12": 0,
          "13": 0,
          "14": 0,
          "15": 0,
          "16": 0,
          "17": 0,
          "18": 0,
          "19": 0,
          "20": 0,
          "21": 0,
          "22": 0,
          "23": 0
        },
        "daily": {
          "Friday": 0,
          "Monday": 0,
          "Saturday": 0,
          "Sunday": 0,
          "Thursday": 6,
          "Tuesday": 0,
          "Wednesday": 0
        },
        "monthly": {
          "April": 0,
          "August": 0,
          "December": 0,
          "February": 0,
          "January": 0,
          "July": 0,
          "June": 0,
          "March": 0,
          "May": 0,
          "November": 0,
          "October": 6,
          "September": 0
        }
      },
      "peak_hours": {
        "9": 6
      },
      "response_times": {
        "average_hours": 0.09,
        "median_hours": 0.09166666666666666,
        "max_hours": 0.10833333333333334
      },
      "message_length_stats": {
        "count": 6,
        "mean": 220.5,
        "min": 127,
        "max": 266
      },
      "conversation_initiation": {
        "total_conversations_est": 1,
        "initiation_rate_per_message": 0.16666666666666666
      },
      "top_recipients": [
        {
          "name_sender": "James Cooper",
          "name_receiver": "Noura Al-Zahrani",
          "count": 6
        }
      ]
    },
    "Robert Stevens": {
      "message_frequency": {
        "hourly": {
          "0": 0,
          "1": 0,
          "2": 0,
          "3": 0,
          "4": 0,
          "5": 0,
          "6": 0,
          "7": 0,
          "8": 0,
          "9": 24,
          "10": 8,
          "11": 2,
          "12": 0,
          "13": 0,
          "14": 0,
          "15": 0,
          "16": 0,
          "17": 0,
          "18": 0,
          "19": 0,
          "20": 0,
          "21": 0,
          "22": 0,
          "23": 0
        },
        "daily": {
          "Friday": 6,
          "Monday": 0,
          "Saturday": 0,
          "Sunday": 17,
          "Thursday": 5,
          "Tuesday": 6,
          "Wednesday": 0
        },
        "monthly": {
          "April": 0,
          "August": 0,
          "December": 0,
          "February": 0,
          "January": 0,
          "July": 0,
          "June": 0,
          "March": 0,
          "May": 0,
          "November": 0,
          "October": 34,
          "September": 0
        }
      },
      "peak_hours": {
        "9": 24,
        "10": 8,
        "11": 2
      },
      "response_times": {
        "average_hours": 13.825841750833334,
        "median_hours": 0.125,
        "max_hours": 119.41666666666667
      },
      "message_length_stats": {
        "count": 34,
        "mean": 246.7058823529412,
        "min": 106,
        "max": 328
      },
      "conversation_initiation": {
        "total_conversations_est": 5,
        "initiation_rate_per_message": 0.14705882352941177
      },
      "top_recipients": [
        {
          "name_sender": "Robert Stevens",
          "name_receiver": "Ibrahim Al-Kuwaiti",
          "count": 6
        },
        {
          "name_sender": "Robert Stevens",
          "name_receiver": "Leila Al-Harbi",
          "count": 6
        },
        {
          "name_sender": "Robert Stevens",
          "name_receiver": "Thomas Richardson",
          "count": 6
        }
      ]
    }
  },
  "department_level": {
    "leadership": {
      "message_frequency": {
        "hourly": {
          "0": 0,
          "1": 0,
          "2": 0,
          "3": 0,
          "4": 0,
          "5": 0,
          "6": 0,
          "7": 0,
          "8": 0,
          "9": 78,
          "10": 31,
          "11": 9,
          "12": 5,
          "13": 3,
          "14": 3,
          "15": 1,
          "16": 0,
          "17": 0,
          "18": 0,
          "19": 0,
          "20": 0,
          "21": 0,
          "22": 0,
          "23": 0
        },
        "daily": {
          "Friday": 0,
          "Monday": 23,
          "Saturday": 0,
          "Sunday": 42,
          "Thursday": 13,
          "Tuesday": 33,
          "Wednesday": 19
        },
        "monthly": {
          "April": 0,
          "August": 0,
          "December": 0,
          "February": 0,
          "January": 0,
          "July": 0,
          "June": 0,
          "March": 0,
          "May": 0,
          "November": 0,
          "October": 130,
          "September": 0
        }
      },
      "peak_hours": {
        "9": 78,
        "10": 31,
        "11": 9
      },
      "response_times": {
        "average_hours": 4.660852713055556,
        "median_hours": 0.09166666666666666,
        "max_hours": 186.08333333333334
      },
      "intra_vs_inter_ratio": {
        "intra_department_ratio": 0.27692307692307694,
        "inter_department_ratio": 0.7230769230769231
      },
      "department_interactions_submatrix": {
        "leadership": 36,
        "operations": 32,
        "project alpha": 25,
        "project beta": 24,
        "project gamma": 6,
        "technical": 7
      },
      "message_length_stats": {
        "count": 130,
        "mean": 220.06153846153848,
        "min": 54,
        "max": 342
      },
      "most_active_individuals": {
        "Michael Anderson": 60,
        "Fatima Al-Qassim": 50,
        "Ahmad Al-Rashid": 20
      }
    },
    "operations": {
      "message_frequency": {
        "hourly": {
          "0": 0,
          "1": 0,
          "2": 0,
          "3": 0,
          "4": 0,
          "5": 0,
          "6": 0,
          "7": 0,
          "8": 0,
          "9": 66,
          "10": 23,
          "11": 16,
          "12": 2,
          "13": 0,
          "14": 0,
          "15": 0,
          "16": 0,
          "17": 0,
          "18": 0,
          "19": 0,
          "20": 0,
          "21": 0,
          "22": 0,
          "23": 0
        },
        "daily": {
          "Friday": 6,
          "Monday": 44,
          "Saturday": 0,
          "Sunday": 23,
          "Thursday": 7,
          "Tuesday": 10,
          "Wednesday": 17
        },
        "monthly": {
          "April": 0,
          "August": 0,
          "December": 0,
          "February": 0,
          "January": 0,
          "July": 0,
          "June": 0,
          "March": 0,
          "May": 0,
          "November": 0,
          "October": 102,
          "September": 5
        }
      },
      "peak_hours": {
        "9": 66,
        "10": 23,
        "11": 16
      },
      "response_times": {
        "average_hours": 7.917806603611111,
        "median_hours": 0.09819444444444445,
        "max_hours": 143.64388888888888
      },
      "intra_vs_inter_ratio": {
        "intra_department_ratio": 0.29906542056074764,
        "inter_department_ratio": 0.7009345794392523
      },
      "department_interactions_submatrix": {
        "leadership": 31,
        "operations": 32,
        "project alpha": 16,
        "project beta": 10,
        "project gamma": 0,
        "technical": 18
      },
      "message_length_stats": {
        "count": 107,
        "mean": 236.81308411214954,
        "min": 45,
        "max": 375
      },
      "most_active_individuals": {
        "Khalid Al-Nasser": 45,
        "Jennifer Brooks": 34,
        "Aisha Al-Dubai": 28
      }
    },
    "project alpha": {
      "message_frequency": {
        "hourly": {
          "0": 0,
          "1": 0,
          "2": 0,
          "3": 0,
          "4": 0,
          "5": 0,
          "6": 0,
          "7": 0,
          "8": 0,
          "9": 115,
          "10": 28,
          "11": 12,
          "12": 3,
          "13": 1,
          "14": 2,
          "15": 0,
          "16": 0,
          "17": 0,
          "18": 0,
          "19": 0,
          "20": 0,
          "21": 0,
          "22": 0,
          "23": 0
        },
        "daily": {
          "Friday": 0,
          "Monday": 40,
          "Saturday": 0,
          "Sunday": 12,
          "Thursday": 23,
          "Tuesday": 55,
          "Wednesday": 31
        },
        "monthly": {
          "April": 0,
          "August": 0,
          "December": 0,
          "February": 0,
          "January": 0,
          "July": 0,
          "June": 0,
          "March": 0,
          "May": 0,
          "November": 0,
          "October": 161,
          "September": 0
        }
      },
      "peak_hours": {
        "9": 115,
        "10": 28,
        "11": 12
      },
      "response_times": {
        "average_hours": 3.3057291666666666,
        "median_hours": 0.0875,
        "max_hours": 119.5
      },
      "intra_vs_inter_ratio": {
        "intra_department_ratio": 0.34782608695652173,
        "inter_department_ratio": 0.6521739130434783
      },
      "department_interactions_submatrix": {
        "leadership": 23,
        "operations": 18,
        "project alpha": 56,
        "project beta": 12,
        "project gamma": 22,
        "technical": 30
      },
      "message_length_stats": {
        "count": 161,
        "mean": 230.86335403726707,
        "min": 68,
        "max": 379
      },
      "most_active_individuals": {
        "William Thompson": 47,
        "Mariam Al-Hashimi": 45,
        "Omar Al-Sayed": 39,
        "Sarah Mitchell": 30
      }
    },
    "project beta": {
      "message_frequency": {
        "hourly": {
          "0": 0,
          "1": 0,
          "2": 0,
          "3": 0,
          "4": 0,
          "5": 0,
          "6": 0,
          "7": 0,
          "8": 0,
          "9": 84,
          "10": 22,
          "11": 14,
          "12": 5,
          "13": 0,
          "14": 0,
          "15": 0,
          "16": 0,
          "17": 0,
          "18": 0,
          "19": 0,
          "20": 0,
          "21": 0,
          "22": 0,
          "23": 0
        },
        "daily": {
          "Friday": 17,
          "Monday": 40,
          "Saturday": 0,
          "Sunday": 32,
          "Thursday": 12,
          "Tuesday": 6,
          "Wednesday": 18
        },
        "monthly": {
          "April": 0,
          "August": 0,
          "December": 0,
          "February": 0,
          "January": 0,
          "July": 0,
          "June": 0,
          "March": 0,
          "May": 0,
          "November": 0,
          "October": 119,
          "September": 6
        }
      },
      "peak_hours": {
        "9": 84,
        "10": 22,
        "11": 14
      },
      "response_times": {
        "average_hours": 6.768716397777778,
        "median_hours": 0.09027777777777778,
        "max_hours": 239.5
      },
      "intra_vs_inter_ratio": {
        "intra_department_ratio": 0.352,
        "inter_department_ratio": 0.648
      },
      "department_interactions_submatrix": {
        "leadership": 23,
        "operations": 12,
        "project alpha": 11,
        "project beta": 44,
        "project gamma": 18,
        "technical": 17
      },
      "message_length_stats": {
        "count": 125,
        "mean": 230.848,
        "min": 61,
        "max": 341
      },
      "most_active_individuals": {
        "Elizabeth Parker": 55,
        "Noura Al-Zahrani": 46,
        "Hassan Al-Mahmoud": 18,
        "James Cooper": 6
      }
    },
    "project gamma": {
      "message_frequency": {
        "hourly": {
          "0": 0,
          "1": 0,
          "2": 0,
          "3": 0,
          "4": 0,
          "5": 0,
          "6": 0,
          "7": 0,
          "8": 0,
          "9": 101,
          "10": 31,
          "11": 17,
          "12": 2,
          "13": 0,
          "14": 0,
          "15": 0,
          "16": 0,
          "17": 0,
          "18": 0,
          "19": 0,
          "20": 0,
          "21": 0,
          "22": 0,
          "23": 0
        },
        "daily": {
          "Friday": 11,
          "Monday": 54,
          "Saturday": 0,
          "Sunday": 41,
          "Thursday": 16,
          "Tuesday": 19,
          "Wednesday": 10
        },
        "monthly": {
          "April": 0,
          "August": 0,
          "December": 0,
          "February": 0,
          "January": 0,
          "July": 0,
          "June": 0,
          "March": 0,
          "May": 0,
          "November": 0,
          "October": 151,
          "September": 0
        }
      },
      "peak_hours": {
        "9": 101,
        "10": 31,
        "11": 17
      },
      "response_times": {
        "average_hours": 3.527222222222222,
        "median_hours": 0.07819444444444444,
        "max_hours": 95.24583333333334
      },
      "intra_vs_inter_ratio": {
        "intra_department_ratio": 0.48344370860927155,
        "inter_department_ratio": 0.5165562913907285
      },
      "department_interactions_submatrix": {
        "leadership": 6,
        "operations": 0,
        "project alpha": 20,
        "project beta": 17,
        "project gamma": 73,
        "technical": 35
      },
      "message_length_stats": {
        "count": 151,
        "mean": 239,
        "min": 33,
        "max": 347
      },
      "most_active_individuals": {
        "Mohammed Al-Qahtani": 42,
        "Leila Al-Harbi": 40,
        "Katherine Wilson": 35,
        "Robert Stevens": 34
      }
    },
    "technical": {
      "message_frequency": {
        "hourly": {
          "0": 0,
          "1": 0,
          "2": 0,
          "3": 0,
          "4": 0,
          "5": 0,
          "6": 0,
          "7": 0,
          "8": 0,
          "9": 72,
          "10": 24,
          "11": 10,
          "12": 2,
          "13": 0,
          "14": 0,
          "15": 0,
          "16": 0,
          "17": 0,
          "18": 0,
          "19": 0,
          "20": 0,
          "21": 0,
          "22": 0,
          "23": 0
        },
        "daily": {
          "Friday": 10,
          "Monday": 27,
          "Saturday": 0,
          "Sunday": 21,
          "Thursday": 12,
          "Tuesday": 26,
          "Wednesday": 12
        },
        "monthly": {
          "April": 0,
          "August": 0,
          "December": 0,
          "February": 0,
          "January": 0,
          "July": 0,
          "June": 0,
          "March": 0,
          "May": 0,
          "November": 0,
          "October": 108,
          "September": 0
        }
      },
      "peak_hours": {
        "9": 72,
        "10": 24,
        "11": 10
      },
      "response_times": {
        "average_hours": 4.269781931388889,
        "median_hours": 0.15138888888888888,
        "max_hours": 118.37916666666666
      },
      "intra_vs_inter_ratio": {
        "intra_department_ratio": 0.09259259259259259,
        "inter_department_ratio": 0.9074074074074074
      },
      "department_interactions_submatrix": {
        "leadership": 6,
        "operations": 16,
        "project alpha": 29,
        "project beta": 15,
        "project gamma": 32,
        "technical": 10
      },
      "message_length_stats": {
        "count": 108,
        "mean": 246.30555555555554,
        "min": 25,
        "max": 393
      },
      "most_active_individuals": {
        "Ibrahim Al-Kuwaiti": 69,
        "Thomas Richardson": 39
      }
    }
  },
  "company_level": {
    "message_frequency": {
      "hourly": {
        "0": 0,
        "1": 0,
        "2": 0,
        "3": 0,
        "4": 0,
        "5": 0,
        "6": 0,
        "7": 0,
        "8": 0,
        "9": 516,
        "10": 159,
        "11": 78,
        "12": 19,
        "13": 4,
        "14": 5,
        "15": 1,
        "16": 0,
        "17": 0,
        "18": 0,
        "19": 0,
        "20": 0,
        "21": 0,
        "22": 0,
        "23": 0
      },
      "daily": {
        "Friday": 44,
        "Monday": 228,
        "Saturday": 0,
        "Sunday": 171,
        "Thursday": 83,
        "Tuesday": 149,
        "Wednesday": 107
      },
      "monthly": {
        "April": 0,
        "August": 0,
        "December": 0,
        "February": 0,
        "January": 0,
        "July": 0,
        "June": 0,
        "March": 0,
        "May": 0,
        "November": 0,
        "October": 771,
        "September": 11
      }
    },
    "peak_hours": {
      "9": 516,
      "10": 159,
      "11": 78
    },
    "response_times": {
      "average_hours": 1.0747385827777778,
      "median_hours": 0.019444444444444445,
      "max_hours": 140.91666666666666
    },
    "department_interaction_matrix_symmetrical": {
      "leadership": {
        "leadership": 36,
        "operations": 32,
        "project alpha": 25,
        "project beta": 24,
        "project gamma": 6,
        "technical": 7
      },
      "operations": {
        "leadership": 31,
        "operations": 32,
        "project alpha": 16,
        "project beta": 10,
        "project gamma": 0,
        "technical": 18
      },
      "project alpha": {
        "leadership": 23,
        "operations": 18,
        "project alpha": 56,
        "project beta": 12,
        "project gamma": 22,
        "technical": 30
      },
      "project beta": {
        "leadership": 23,
        "operations": 12,
        "project alpha": 11,
        "project beta": 44,
        "project gamma": 18,
        "technical": 17
      },
      "project gamma": {
        "leadership": 6,
        "operations": 0,
        "project alpha": 20,
        "project beta": 17,
        "project gamma": 73,
        "technical": 35
      },
      "technical": {
        "leadership": 6,
        "operations": 16,
        "project alpha": 29,
        "project beta": 15,
        "project gamma": 32,
        "technical": 10
      }
    },
    "message_length_stats": {
      "count": 782,
      "mean": 233.58312020460357,
      "min": 25,
      "max": 393
    },
    "intra_vs_inter_ratio": {
      "intra_department_ratio": 0.3209718670076726,
      "inter_department_ratio": 0.6790281329923273
    },
    "most_active_departments": {
      "project alpha": 161,
      "project gamma": 151,
      "leadership": 130,
      "project beta": 125,
      "technical": 108,
      "operations": 107
    }
  }
}