{
    "total_tasks": 1762,
    "priority_distribution": {
        "Medium": 619,
        "High": 684,
        "Low": 459
    },
    "workload_statistics": {
        "total_estimated_hours": 7230,
        "max_hours": 10,
        "min_hours": 2,
        "average_hours_per_task": 4.1,
        "median_hours": 8
    },
    "date_statistics": {
        "earliest_task": "2024-11-01",
        "latest_task": "2024-11-29",
        "total_days_span": 28
    },
    "task_metrics": {
        "tasks_with_dates": 1762,
        "tasks_with_priorities": 1762,
        "tasks_with_hours": 1762,
        "completion_rate": 0.0
    }
}