{
    "leadership": {
        "total_tasks": 408,
        "priority_distribution": {
            "Medium": 199,
            "High": 209
        },
        "workload_statistics": {
            "total_estimated_hours": 1642,
            "max_hours": 6,
            "min_hours": 2,
            "average_hours_per_task": 4.02,
            "median_hours": 4
        },
        "date_statistics": {
            "earliest_task": "2024-11-01",
            "latest_task": "2024-11-29",
            "total_days_span": 28
        },
        "task_metrics": {
            "tasks_with_dates": 408,
            "tasks_with_priorities": 408,
            "tasks_with_hours": 408,
            "completion_rate": 0.0
        }
    },
    "operations": {
        "total_tasks": 174,
        "priority_distribution": {
            "Low": 66,
            "High": 62,
            "Medium": 46
        },
        "workload_statistics": {
            "total_estimated_hours": 754,
            "max_hours": 6,
            "min_hours": 2,
            "average_hours_per_task": 4.33,
            "median_hours": 4
        },
        "date_statistics": {
            "earliest_task": "2024-11-01",
            "latest_task": "2024-11-29",
            "total_days_span": 28
        },
        "task_metrics": {
            "tasks_with_dates": 174,
            "tasks_with_priorities": 174,
            "tasks_with_hours": 174,
            "completion_rate": 0.0
        }
    },
    "project alpha": {
        "total_tasks": 492,
        "priority_distribution": {
            "Low": 160,
            "High": 175,
            "Medium": 157
        },
        "workload_statistics": {
            "total_estimated_hours": 1948,
            "max_hours": 6,
            "min_hours": 2,
            "average_hours_per_task": 3.96,
            "median_hours": 4
        },
        "date_statistics": {
            "earliest_task": "2024-11-01",
            "latest_task": "2024-11-29",
            "total_days_span": 28
        },
        "task_metrics": {
            "tasks_with_dates": 492,
            "tasks_with_priorities": 492,
            "tasks_with_hours": 492,
            "completion_rate": 0.0
        }
    },
    "project beta": {
        "total_tasks": 334,
        "priority_distribution": {
            "High": 116,
            "Medium": 104,
            "Low": 114
        },
        "workload_statistics": {
            "total_estimated_hours": 1314,
            "max_hours": 6,
            "min_hours": 2,
            "average_hours_per_task": 3.93,
            "median_hours": 4
        },
        "date_statistics": {
            "earliest_task": "2024-11-01",
            "latest_task": "2024-11-29",
            "total_days_span": 28
        },
        "task_metrics": {
            "tasks_with_dates": 334,
            "tasks_with_priorities": 334,
            "tasks_with_hours": 334,
            "completion_rate": 0.0
        }
    },
    "project gamma": {
        "total_tasks": 243,
        "priority_distribution": {
            "High": 88,
            "Low": 84,
            "Medium": 71
        },
        "workload_statistics": {
            "total_estimated_hours": 991,
            "max_hours": 8,
            "min_hours": 2,
            "average_hours_per_task": 4.08,
            "median_hours": 6
        },
        "date_statistics": {
            "earliest_task": "2024-11-01",
            "latest_task": "2024-11-29",
            "total_days_span": 28
        },
        "task_metrics": {
            "tasks_with_dates": 243,
            "tasks_with_priorities": 243,
            "tasks_with_hours": 243,
            "completion_rate": 0.0
        }
    },
    "technical": {
        "total_tasks": 111,
        "priority_distribution": {
            "High": 34,
            "Low": 35,
            "Medium": 42
        },
        "workload_statistics": {
            "total_estimated_hours": 581,
            "max_hours": 10,
            "min_hours": 3,
            "average_hours_per_task": 5.23,
            "median_hours": 7
        },
        "date_statistics": {
            "earliest_task": "2024-11-01",
            "latest_task": "2024-11-29",
            "total_days_span": 28
        },
        "task_metrics": {
            "tasks_with_dates": 111,
            "tasks_with_priorities": 111,
            "tasks_with_hours": 111,
            "completion_rate": 0.0
        }
    }
}