{
    "Ahmad Al-Rashid": {
        "total_tasks": 135,
        "priority_distribution": {
            "Medium": 69,
            "High": 66
        },
        "workload_statistics": {
            "total_estimated_hours": 554,
            "average_hours_per_task": 4.1,
            "max_hours": 6,
            "min_hours": 2,
            "median_hours": 4
        },
        "date_statistics": {
            "earliest_task": "2024-11-01",
            "latest_task": "2024-11-29",
            "total_days_span": 28
        },
        "task_metrics": {
            "tasks_with_dates": 135,
            "tasks_with_priorities": 135,
            "tasks_with_hours": 135,
            "completion_rate": 0.0
        }
    },
    "Fatima Al-Qassim": {
        "total_tasks": 135,
        "priority_distribution": {
            "High": 61,
            "Medium": 74
        },
        "workload_statistics": {
            "total_estimated_hours": 520,
            "average_hours_per_task": 3.85,
            "max_hours": 6,
            "min_hours": 2,
            "median_hours": 4
        },
        "date_statistics": {
            "earliest_task": "2024-11-01",
            "latest_task": "2024-11-29",
            "total_days_span": 28
        },
        "task_metrics": {
            "tasks_with_dates": 135,
            "tasks_with_priorities": 135,
            "tasks_with_hours": 135,
            "completion_rate": 0.0
        }
    },
    "Michael Anderson": {
        "total_tasks": 138,
        "priority_distribution": {
            "High": 82,
            "Medium": 56
        },
        "workload_statistics": {
            "total_estimated_hours": 568,
            "average_hours_per_task": 4.12,
            "max_hours": 6,
            "min_hours": 2,
            "median_hours": 4.0
        },
        "date_statistics": {
            "earliest_task": "2024-11-01",
            "latest_task": "2024-11-29",
            "total_days_span": 28
        },
        "task_metrics": {
            "tasks_with_dates": 138,
            "tasks_with_priorities": 138,
            "tasks_with_hours": 138,
            "completion_rate": 0.0
        }
    },
    "Aisha Al-Dubai": {
        "total_tasks": 52,
        "priority_distribution": {
            "Low": 16,
            "High": 23,
            "Medium": 13
        },
        "workload_statistics": {
            "total_estimated_hours": 239,
            "average_hours_per_task": 4.6,
            "max_hours": 6,
            "min_hours": 2,
            "median_hours": 4.5
        },
        "date_statistics": {
            "earliest_task": "2024-11-01",
            "latest_task": "2024-11-29",
            "total_days_span": 28
        },
        "task_metrics": {
            "tasks_with_dates": 52,
            "tasks_with_priorities": 52,
            "tasks_with_hours": 52,
            "completion_rate": 0.0
        }
    },
    "Jennifer Brooks": {
        "total_tasks": 67,
        "priority_distribution": {
            "Medium": 22,
            "High": 23,
            "Low": 22
        },
        "workload_statistics": {
            "total_estimated_hours": 271,
            "average_hours_per_task": 4.04,
            "max_hours": 6,
            "min_hours": 2,
            "median_hours": 4
        },
        "date_statistics": {
            "earliest_task": "2024-11-01",
            "latest_task": "2024-11-29",
            "total_days_span": 28
        },
        "task_metrics": {
            "tasks_with_dates": 67,
            "tasks_with_priorities": 67,
            "tasks_with_hours": 67,
            "completion_rate": 0.0
        }
    },
    "Khalid Al-Nasser": {
        "total_tasks": 55,
        "priority_distribution": {
            "Low": 28,
            "Medium": 11,
            "High": 16
        },
        "workload_statistics": {
            "total_estimated_hours": 244,
            "average_hours_per_task": 4.44,
            "max_hours": 6,
            "min_hours": 2,
            "median_hours": 4
        },
        "date_statistics": {
            "earliest_task": "2024-11-01",
            "latest_task": "2024-11-29",
            "total_days_span": 28
        },
        "task_metrics": {
            "tasks_with_dates": 55,
            "tasks_with_priorities": 55,
            "tasks_with_hours": 55,
            "completion_rate": 0.0
        }
    },
    "Mariam Al-Hashimi": {
        "total_tasks": 126,
        "priority_distribution": {
            "Low": 28,
            "High": 58,
            "Medium": 40
        },
        "workload_statistics": {
            "total_estimated_hours": 500,
            "average_hours_per_task": 3.97,
            "max_hours": 6,
            "min_hours": 2,
            "median_hours": 4.0
        },
        "date_statistics": {
            "earliest_task": "2024-11-01",
            "latest_task": "2024-11-29",
            "total_days_span": 28
        },
        "task_metrics": {
            "tasks_with_dates": 126,
            "tasks_with_priorities": 126,
            "tasks_with_hours": 126,
            "completion_rate": 0.0
        }
    },
    "Omar Al-Sayed": {
        "total_tasks": 112,
        "priority_distribution": {
            "High": 29,
            "Low": 51,
            "Medium": 32
        },
        "workload_statistics": {
            "total_estimated_hours": 458,
            "average_hours_per_task": 4.09,
            "max_hours": 6,
            "min_hours": 2,
            "median_hours": 4.0
        },
        "date_statistics": {
            "earliest_task": "2024-11-01",
            "latest_task": "2024-11-29",
            "total_days_span": 28
        },
        "task_metrics": {
            "tasks_with_dates": 112,
            "tasks_with_priorities": 112,
            "tasks_with_hours": 112,
            "completion_rate": 0.0
        }
    },
    "Sarah Mitchell": {
        "total_tasks": 123,
        "priority_distribution": {
            "High": 37,
            "Low": 39,
            "Medium": 47
        },
        "workload_statistics": {
            "total_estimated_hours": 482,
            "average_hours_per_task": 3.92,
            "max_hours": 6,
            "min_hours": 2,
            "median_hours": 4
        },
        "date_statistics": {
            "earliest_task": "2024-11-01",
            "latest_task": "2024-11-29",
            "total_days_span": 28
        },
        "task_metrics": {
            "tasks_with_dates": 123,
            "tasks_with_priorities": 123,
            "tasks_with_hours": 123,
            "completion_rate": 0.0
        }
    },
    "William Thompson": {
        "total_tasks": 131,
        "priority_distribution": {
            "High": 51,
            "Low": 42,
            "Medium": 38
        },
        "workload_statistics": {
            "total_estimated_hours": 508,
            "average_hours_per_task": 3.88,
            "max_hours": 6,
            "min_hours": 2,
            "median_hours": 4
        },
        "date_statistics": {
            "earliest_task": "2024-11-01",
            "latest_task": "2024-11-29",
            "total_days_span": 28
        },
        "task_metrics": {
            "tasks_with_dates": 131,
            "tasks_with_priorities": 131,
            "tasks_with_hours": 131,
            "completion_rate": 0.0
        }
    },
    "Elizabeth Parker": {
        "total_tasks": 55,
        "priority_distribution": {
            "High": 22,
            "Medium": 14,
            "Low": 19
        },
        "workload_statistics": {
            "total_estimated_hours": 226,
            "average_hours_per_task": 4.11,
            "max_hours": 6,
            "min_hours": 2,
            "median_hours": 4
        },
        "date_statistics": {
            "earliest_task": "2024-11-01",
            "latest_task": "2024-11-29",
            "total_days_span": 28
        },
        "task_metrics": {
            "tasks_with_dates": 55,
            "tasks_with_priorities": 55,
            "tasks_with_hours": 55,
            "completion_rate": 0.0
        }
    },
    "Hassan Al-Mahmoud": {
        "total_tasks": 149,
        "priority_distribution": {
            "High": 54,
            "Medium": 45,
            "Low": 50
        },
        "workload_statistics": {
            "total_estimated_hours": 598,
            "average_hours_per_task": 4.01,
            "max_hours": 6,
            "min_hours": 2,
            "median_hours": 4
        },
        "date_statistics": {
            "earliest_task": "2024-11-01",
            "latest_task": "2024-11-29",
            "total_days_span": 28
        },
        "task_metrics": {
            "tasks_with_dates": 149,
            "tasks_with_priorities": 149,
            "tasks_with_hours": 149,
            "completion_rate": 0.0
        }
    },
    "James Cooper": {
        "total_tasks": 75,
        "priority_distribution": {
            "Medium": 25,
            "Low": 24,
            "High": 26
        },
        "workload_statistics": {
            "total_estimated_hours": 278,
            "average_hours_per_task": 3.71,
            "max_hours": 6,
            "min_hours": 2,
            "median_hours": 4
        },
        "date_statistics": {
            "earliest_task": "2024-11-01",
            "latest_task": "2024-11-29",
            "total_days_span": 28
        },
        "task_metrics": {
            "tasks_with_dates": 75,
            "tasks_with_priorities": 75,
            "tasks_with_hours": 75,
            "completion_rate": 0.0
        }
    },
    "Noura Al-Zahrani": {
        "total_tasks": 55,
        "priority_distribution": {
            "Low": 21,
            "Medium": 20,
            "High": 14
        },
        "workload_statistics": {
            "total_estimated_hours": 212,
            "average_hours_per_task": 3.85,
            "max_hours": 6,
            "min_hours": 2,
            "median_hours": 4
        },
        "date_statistics": {
            "earliest_task": "2024-11-01",
            "latest_task": "2024-11-29",
            "total_days_span": 28
        },
        "task_metrics": {
            "tasks_with_dates": 55,
            "tasks_with_priorities": 55,
            "tasks_with_hours": 55,
            "completion_rate": 0.0
        }
    },
    "Katherine Wilson": {
        "total_tasks": 60,
        "priority_distribution": {
            "High": 26,
            "Low": 21,
            "Medium": 13
        },
        "workload_statistics": {
            "total_estimated_hours": 233,
            "average_hours_per_task": 3.88,
            "max_hours": 7,
            "min_hours": 2,
            "median_hours": 4.0
        },
        "date_statistics": {
            "earliest_task": "2024-11-01",
            "latest_task": "2024-11-29",
            "total_days_span": 28
        },
        "task_metrics": {
            "tasks_with_dates": 60,
            "tasks_with_priorities": 60,
            "tasks_with_hours": 60,
            "completion_rate": 0.0
        }
    },
    "Leila Al-Harbi": {
        "total_tasks": 54,
        "priority_distribution": {
            "High": 21,
            "Medium": 14,
            "Low": 19
        },
        "workload_statistics": {
            "total_estimated_hours": 212,
            "average_hours_per_task": 3.93,
            "max_hours": 7,
            "min_hours": 2,
            "median_hours": 4.0
        },
        "date_statistics": {
            "earliest_task": "2024-11-01",
            "latest_task": "2024-11-29",
            "total_days_span": 28
        },
        "task_metrics": {
            "tasks_with_dates": 54,
            "tasks_with_priorities": 54,
            "tasks_with_hours": 54,
            "completion_rate": 0.0
        }
    },
    "Mohammed Al-Qahtani": {
        "total_tasks": 53,
        "priority_distribution": {
            "Low": 15,
            "High": 18,
            "Medium": 20
        },
        "workload_statistics": {
            "total_estimated_hours": 190,
            "average_hours_per_task": 3.58,
            "max_hours": 5,
            "min_hours": 2,
            "median_hours": 4
        },
        "date_statistics": {
            "earliest_task": "2024-11-01",
            "latest_task": "2024-11-29",
            "total_days_span": 28
        },
        "task_metrics": {
            "tasks_with_dates": 53,
            "tasks_with_priorities": 53,
            "tasks_with_hours": 53,
            "completion_rate": 0.0
        }
    },
    "Robert Stevens": {
        "total_tasks": 76,
        "priority_distribution": {
            "Low": 29,
            "High": 23,
            "Medium": 24
        },
        "workload_statistics": {
            "total_estimated_hours": 356,
            "average_hours_per_task": 4.68,
            "max_hours": 8,
            "min_hours": 2,
            "median_hours": 5.0
        },
        "date_statistics": {
            "earliest_task": "2024-11-01",
            "latest_task": "2024-11-29",
            "total_days_span": 28
        },
        "task_metrics": {
            "tasks_with_dates": 76,
            "tasks_with_priorities": 76,
            "tasks_with_hours": 76,
            "completion_rate": 0.0
        }
    },
    "Ibrahim Al-Kuwaiti": {
        "total_tasks": 76,
        "priority_distribution": {
            "High": 24,
            "Low": 25,
            "Medium": 27
        },
        "workload_statistics": {
            "total_estimated_hours": 372,
            "average_hours_per_task": 4.89,
            "max_hours": 10,
            "min_hours": 3,
            "median_hours": 5.0
        },
        "date_statistics": {
            "earliest_task": "2024-11-01",
            "latest_task": "2024-11-29",
            "total_days_span": 28
        },
        "task_metrics": {
            "tasks_with_dates": 76,
            "tasks_with_priorities": 76,
            "tasks_with_hours": 76,
            "completion_rate": 0.0
        }
    },
    "Thomas Richardson": {
        "total_tasks": 35,
        "priority_distribution": {
            "Medium": 15,
            "High": 10,
            "Low": 10
        },
        "workload_statistics": {
            "total_estimated_hours": 209,
            "average_hours_per_task": 5.97,
            "max_hours": 9,
            "min_hours": 3,
            "median_hours": 6
        },
        "date_statistics": {
            "earliest_task": "2024-11-01",
            "latest_task": "2024-11-29",
            "total_days_span": 28
        },
        "task_metrics": {
            "tasks_with_dates": 35,
            "tasks_with_priorities": 35,
            "tasks_with_hours": 35,
            "completion_rate": 0.0
        }
    }
}