{
  "Ahmad Al-Rashid": {
    "Name": "Ahmad Al-Rashid",
    "Department": "LEADERSHIP",
    "Tasks summary": "Approve data quality metrics, evaluate compliance requirements, and lead strategic planning sessions across various data platforms.",
    "Profile": "Ahmad Al-Rashid is an assertive leader in the Leadership department, focused on enhancing data quality and compliance across multiple platforms. With a keen eye for governance policies and a proactive approach to risk management, Ahmad excels in guiding stakeholder meetings and fostering collaboration. His critical thinking skills, combined with a professional demeanor, allow him to navigate complex challenges effectively.",
    "Image URL": "./images/Ahmad Al-Rashid.jpg",
    "Gender": "male"
  },
  "Michael Anderson": {
    "Name": "Michael Anderson",
    "Department": "LEADERSHIP",
    "Tasks summary": "Lead technical workshops, coordinate with teams, design architectures for data systems, and develop solutions for integration and performance issues.",
    "Profile": "Michael Anderson is a dedicated leader with a collaborative approach to working with cross-functional teams. With a strong focus on constructive feedback and a professional demeanor, he excels in guiding technical workshops and designing scalable architectures. His enthusiasm for innovation drives the development of effective solutions to complex data challenges.",
    "Image URL": "./images/Michael Anderson.jpg",
    "Gender": "male"
  },
  "Fatima Al-Qassim": {
    "Name": "Fatima Al-Qassim",
    "Department": "LEADERSHIP",
    "Tasks summary": "Responsible for resource allocation reviews across multiple departments, monitoring KPIs for digital transformation and innovation, and updating project timelines for various initiatives.",
    "Profile": "Fatima Al-Qassim is a dedicated leader focused on enhancing organizational efficiency through strategic resource allocation and KPI monitoring. Her professional demeanor, coupled with a constructive approach, empowers her to navigate complex project landscapes effectively. Fatima’s ability to manage multiple tasks concurrently showcases her commitment to achieving operational excellence.",
    "Image URL": "./images/Fatima Al-Qassim.jpg",
    "Gender": "female"
  },
  "William Thompson": {
    "Name": "William Thompson",
    "Department": "PROJECT ALPHA",
    "Tasks summary": "Lead sprint planning, technical design reviews, optimize workflows across various data processes and collaboration with QA and Data Science teams.",
    "Profile": "William Thompson is a dedicated project leader in the PROJECT ALPHA department, showcasing a professional demeanor with a strong focus on optimizing data workflows and integration across technical teams. With effective leadership in sprint planning and technical design reviews, he aligns the objectives of multiple departments to ensure quality and efficiency in project execution.",
    "Image URL": "./images/William Thompson.jpg",
    "Gender": "male"
  },
  "Sarah Mitchell": {
    "Name": "Sarah Mitchell",
    "Department": "PROJECT ALPHA",
    "Tasks summary": "Optimize ETL Pipeline performance, Implement Logging Systems, Create unit tests for data validation and monitoring alerts, Debug memory usage and data quality issues.",
    "Profile": "Sarah Mitchell is a professional with a strong focus on optimizing ETL pipelines and enhancing data processing systems. Though her passive-aggressive tendencies may occasionally surface, she contributes effectively to team goals and takes pride in her meticulous documentation and problem-solving skills.",
    "Image URL": "./images/Sarah Mitchell.jpg",
    "Gender": "female"
  },
  "Omar Al-Sayed": {
    "Name": "Omar Al-Sayed",
    "Department": "PROJECT ALPHA",
    "Tasks summary": "Conducting system health analysis, creating performance monitoring test cases, and establishing best practices for testing and development.",
    "Profile": "Omar Al-Sayed is a dedicated professional with a strong analytical mindset and a commitment to best practices in testing and development. His thorough approach to performance monitoring and documentation ensures exceptional data quality and system health. With a balance of professionalism and a constructive attitude, he consistently drives improvements in project efficiency and effectiveness.",
    "Image URL": "./images/Omar Al-Sayed.jpg",
    "Gender": "male"
  },
  "Mariam Al-Hashimi": {
    "Name": "Mariam Al-Hashimi",
    "Department": "PROJECT ALPHA",
    "Tasks summary": "Leading innovation workshops in Engineering and Product, designing and implementing improvement plans for tools, infrastructure, and analytics systems, and conducting research on Machine Learning and AutoML for various applications.",
    "Profile": "Mariam Al-Hashimi is an enthusiastic and innovative professional with a strong focus on engineering and product development. Known for her constructiveness in collaborative environments, she effectively leads workshops and research initiatives to drive advancements in machine learning and analytics tools. Her balanced approach combines enthusiasm and professionalism, driving sustainable solutions within her department.",
    "Image URL": "./images/Mariam Al-Hashimi.jpg",
    "Gender": "female"
  },
  "Hassan Al-Mahmoud": {
    "Name": "Hassan Al-Mahmoud",
    "Department": "PROJECT BETA",
    "Tasks summary": "Oversees performance reviews in ML Ops and Analytics, conducts critical analyses of testing and deployment processes, and approves technical specifications and architectural designs.",
    "Profile": "Hassan Al-Mahmoud is a detail-oriented leader with a methodical approach to performance evaluation and quality assurance. His critical thinking ability drives improvements in operational efficiency while maintaining high standards in technical specifications and quality gates. He balances professionalism with a tendency to be passive-aggressive, ensuring that his insights lead to effective decision-making and project success.",
    "Image URL": "./images/Hassan Al-Mahmoud.jpg",
    "Gender": "male"
  },
  "Elizabeth Parker": {
    "Name": "Elizabeth Parker",
    "Department": "PROJECT BETA",
    "Tasks summary": "Develop API Gateway framework, Improve ETL System architecture, Optimize Data Processing workflow, Implement Auto-scaling enhancement, Design solutions for Resource Optimization and System Reliability.",
    "Profile": "Elizabeth Parker is a dedicated professional in the PROJECT BETA department with a focus on optimizing system architecture and ensuring efficiency in data processing. With a constructive mindset, she excels at enhancing performance and reliability through innovative solutions. Her ability to collaborate and create effective frameworks demonstrates her commitment to achieving excellent results in complex project environments.",
    "Image URL": "./images/Elizabeth Parker.jpg",
    "Gender": "female"
  },
  "James Cooper": {
    "Name": "James Cooper",
    "Department": "PROJECT BETA",
    "Tasks summary": "Configuration of monitoring tools, deployment procedures, debugging memory leaks, implementing error handling, and updating maintenance documentation.",
    "Profile": "James Cooper is a detail-oriented professional within the PROJECT BETA department. While he exhibits some passive-aggressive and defensive traits, his technical aptitude in configuring various systems and debugging complex issues showcases his commitment to maintaining quality and efficiency. His proactive approach to updating maintenance and troubleshooting procedures reflects a reliability that enhances team performance.",
    "Image URL": "./images/James Cooper.jpg",
    "Gender": "male"
  },
  "Noura Al-Zahrani": {
    "Name": "Noura Al-Zahrani",
    "Department": "PROJECT BETA",
    "Tasks summary": "Conducts architecture reviews for Storage Layer and API Services, validates system integration and data processing requirements, monitors environment health, and documents workflows.",
    "Profile": "Noura Al-Zahrani is a dedicated professional with a strong focus on ensuring system performance and reliability within the PROJECT BETA department. With a proactive approach to problem-solving, Noura utilizes analytical skills to review and validate architecture, monitor environments, and document essential workflows. Their professionalism is complemented by a constructive attitude towards collaboration and continuous improvement.",
    "Image URL": "./images/Noura Al-Zahrani.jpg",
    "Gender": "female"
  },
  "Mohammed Al-Qahtani": {
    "Name": "Mohammed Al-Qahtani",
    "Department": "PROJECT GAMMA",
    "Tasks summary": "Drive DevOps Integration, AI Automation, and Real-time Analytics implementation, while reviewing and facilitating improvements in various projects including Stream Processing and Data Platform development.",
    "Profile": "Mohammed Al-Qahtani is a professional with a strong focus on driving technical innovations in DevOps and AI Automation. He combines his enthusiasm for efficient systems with a constructive approach to facilitating improvements and coordinating project milestones. A proactive leader, Mohammed excels in organizing workshops and initiatives that foster innovation and enhance collaboration across teams.",
    "Image URL": "./images/Mohammed Al-Qahtani.jpg",
    "Gender": "male"
  },
  "Katherine Wilson": {
    "Name": "Katherine Wilson",
    "Department": "PROJECT GAMMA",
    "Tasks summary": "Evaluate Time Series Analysis, Architect Resource Management and Data Processing solutions, Define Performance Metrics and Code Quality requirements, Review API Gateway and Computing Cluster performance, Optimize Load Balancing and Scaling efficiency.",
    "Profile": "Katherine Wilson is a dedicated professional in the PROJECT GAMMA department, known for her analytical skills and thorough understanding of performance metrics and resource management. With a balanced approach between professionalism and assertiveness, she excels in evaluating complex implementations and architecting efficient solutions.",
    "Image URL": "./images/Katherine Wilson.jpg",
    "Gender": "female"
  },
  "Robert Stevens": {
    "Name": "Robert Stevens",
    "Department": "PROJECT GAMMA",
    "Tasks summary": "Refactor code, fix system latencies, debug performance issues, maintain stability across environments, and implement monitoring and auto-scaling modules.",
    "Profile": "Robert Stevens is a dedicated professional in the PROJECT GAMMA department. Despite facing challenges that sometimes lead to frustration, he remains committed to delivering high-quality results through thorough refactoring and system maintenance. His proactive approach to debugging and implementing solutions ensures stability across development, testing, and production environments, making him a valuable asset to any team.",
    "Image URL": "./images/Robert Stevens.jpg",
    "Gender": "male"
  },
  "Leila Al-Harbi": {
    "Name": "Leila Al-Harbi",
    "Department": "PROJECT GAMMA",
    "Tasks summary": "Leila is involved in developing smart caching and intelligent routing prototypes, creating deployment and testing methodologies, enhancing analytics and processing capabilities, and improving error handling and resource management efficiency.",
    "Profile": "Leila Al-Harbi is a constructive professional with a strong focus on enhancing system capabilities and data flow efficiency. With a proven track record in developing innovative prototypes and methodologies, she demonstrates a resourceful approach to problem-solving and systematic enhancement of analytics and processing systems.",
    "Image URL": "./images/Leila Al-Harbi.jpg",
    "Gender": "female"
  },
  "Khalid Al-Nasser": {
    "Name": "Khalid Al-Nasser",
    "Department": "OPERATIONS",
    "Tasks summary": "Oversaw key operations including DR Site performance reviews, compute cluster upgrades, security alert resolutions, system outage management, and production performance evaluations.",
    "Profile": "Khalid Al-Nasser is a dedicated operations professional with a strong focus on performance optimization and system reliability. With a balanced approach to problem-solving, he effectively manages multiple critical tasks while promoting constructive communications within teams. His proficiency in coordinating resource upgrades and managing security alerts showcases his commitment to operational excellence.",
    "Image URL": "./images/Khalid Al-Nasser.jpg",
    "Gender": "male"
  },
  "Jennifer Brooks": {
    "Name": "Jennifer Brooks",
    "Department": "OPERATIONS",
    "Tasks summary": "Infrastructure support, testing workflow implementation, backup verification coordination, security operations, performance tuning coordination, documentation maintenance, and data science support.",
    "Profile": "Jennifer Brooks is a dedicated operations professional known for her ability to maintain essential systems and support infrastructure projects. With a strong focus on implementing workflows and coordinating critical schedules, she excels in ensuring smooth operations while contributing significantly to security and data science initiatives. Her supportive nature helps foster a collaborative environment, allowing her to effectively engage with cross-functional teams.",
    "Image URL": "./images/Jennifer Brooks.jpg",
    "Gender": "female"
  },
  "Aisha Al-Dubai": {
    "Name": "Aisha Al-Dubai",
    "Department": "OPERATIONS",
    "Tasks summary": "Enhance incident response, streamline CI/CD pipeline, optimize resource utilization, develop disaster recovery guidelines, and improve system monitoring.",
    "Profile": "Aisha Al-Dubai is a dedicated professional in the Operations department with a strong focus on enhancing efficiency and streamlining processes. With a balanced blend of professionalism and a constructive approach, Aisha excels in optimizing resources and developing comprehensive guidelines for operational excellence.",
    "Image URL": "./images/Aisha Al-Dubai.jpg",
    "Gender": "female"
  },
  "Thomas Richardson": {
    "Name": "Thomas Richardson",
    "Department": "TECHNICAL",
    "Tasks summary": "Optimize Data Flow and Query Execution efficiency, Debug Memory and Data Processing performance, Maintain Integration and Production stability, Implement Auto-scaling and Load Balancing modules.",
    "Profile": "Thomas Richardson is a dedicated technical expert who excels in optimizing data flow and query execution efficiency. Despite occasional frustrations encountered in complex problem-solving scenarios, he consistently maintains focus on project stability and performance. His proactive approach to implementing scalable solutions showcases his commitment to excellence and innovation in the technical domain.",
    "Image URL": "./images/Thomas Richardson.jpg",
    "Gender": "male"
  },
  "Ibrahim Al-Kuwaiti": {
    "Name": "Ibrahim Al-Kuwaiti",
    "Department": "TECHNICAL",
    "Tasks summary": "Improving reliability across query layers, data pipelines, and processing engines while designing scalable solutions and reviewing architectural frameworks.",
    "Profile": "Ibrahim Al-Kuwaiti is a dedicated technical professional known for his commitment to enhancing system reliability and performance. With a constructive approach to problem-solving, he effectively coordinates multiple processes, ensuring streamlined operations and robust solutions to complex technical challenges.",
    "Image URL": "./images/Ibrahim Al-Kuwaiti.jpg",
    "Gender": "male"
  }
}