{
    "leadership": [
        "Ahmad Al-Rashid",
        "Michael Anderson",
        "Fatima Al-Qassim"
    ],
    "project alpha": [
        "William Thompson",
        "Sarah Mitchell",
        "Omar Al-Sayed",
        "Mariam Al-Hashimi"
    ],
    "project beta": [
        "Hassan Al-Mahmoud",
        "Elizabeth Parker",
        "James Cooper",
        "Noura Al-Zahrani"
    ],
    "project gamma": [
        "Mohammed Al-Qahtani",
        "Katherine Wilson",
        "Robert Stevens",
        "Leila Al-Harbi"
    ],
    "operations": [
        "Khalid Al-Nasser",
        "Jennifer Brooks",
        "Aisha Al-Dubai"
    ],
    "technical": [
        "Thomas Richardson",
        "Ibrahim Al-Kuwaiti"
    ]
}